G112 Rocket Motor,,,,,
Item,Description,Quantity,Unit Price ,Total Price ,Links
Nozzle,"CNC nozzle made 
of 304 stainless steel",1,$61.32,$61.32,https://drive.google.com/file/d/1qLKecg6mItu3cTvqQxj53dMOK-3eE3X2/view?usp=sharing
Casing,"CNC casing made of 
6061 aluminium",1,$61.66,$61.66,https://drive.google.com/file/d/1qLKecg6mItu3cTvqQxj53dMOK-3eE3X2/view?usp=sharing
Bulkhead,"CNC bulkhead made
6061 aluminium",1,$16.46,$16.46,https://drive.google.com/file/d/1qLKecg6mItu3cTvqQxj53dMOK-3eE3X2/view?usp=sharing
CNC Shipping,Shipping cost,1,$16.22,$16.22,https://drive.google.com/file/d/1qLKecg6mItu3cTvqQxj53dMOK-3eE3X2/view?usp=sharing
-121 O-ring,"O-ring used for sealing
gases in casing",15,$0.09,$1.35,https://www.tokopedia.com/ichibanseal/oring-as-121-26-6x2-62-id-26-6-mm-x-tebal-2-62-mm-nbr
H31 Snap ring,"Snap rings used to hold
nozzle and bulkhead in
place",2,$1.88,$3.76,https://www.tokopedia.com/ray-fasteners/ss304-snap-ring-stainless-h31-internal-circlip-snapring-type-h-31mm
300 gsm kraft paper,"Used as a thermal liner
between the propellant
and casing",15,$0.24,$3.60,https://www.tokopedia.com/megajayaoffset/kertas-kraft-coklat-ukuran-plano-90x120-150-gsm-200-gsm-300-gsm-400-gsm-paper-stationery-1731305335833593809
Snap ring pliers,"Used to properly insert
and remove the snap
rings",1,$1.78,$1.78,https://www.tokopedia.com/jld-tool-shop/jld-tang-snap-ring-set-4in1-set-buka-tutup-lurus-bengkok-tang-circlip-snapring-4pcs-1730173486988231959
1kg sorbitol,"Used as the fuel of the
rocket motor",1,$6.03,$6.03,https://www.tokopedia.com/putrapanganprima/pemanis-sorbitol-bubuk-powder-serbuk-food-grade-100gr-250gr-500gr-1kg-1-kg-d9cf3
1kg potassium nitrate,"Used as the oxidiser of
the rocket motor",1,$3.25,$3.25,https://www.tokopedia.com/cocoingid/pupuk-potassium-nitrate-kno3-kingenta-repack-1-kg-80056
1 kg iron oxide,"Used as a catalyst in the
propellant",1,$2.08,$2.08,https://www.tokopedia.com/niochemical/iron-oxide-red-merah-1kg-1731250527442601696
Electric Stove,Used to cook the propellant,1,$7.18,$7.18,https://www.tokopedia.com/masterpack/starlux-kompor-listrik-1-tungku-mini-portable-5-gear-hot-plate-1000w-1730307075290793432?extParam=ivf%3Dfalse%26keyword%3Delectric+stove%26search_id%3D2026032003252834ED066DF378EF0B6KUA%26src%3Dsearch&t_id=1773976031010&t_st=13&t_pp=search_result&t_efo=search_pure_goods_card&t_ef=goods_search&t_sm=&t_spt=search_result
Infared thermometer,"Used to measure 
temperature of 
propellant  and post burn 
motor",1,$4.78,$4.78,https://www.tokopedia.com/dibudgetin/taffware-thermogun-thermometer-industrial-laser-infrared-noncontact-cx6000-1730055662659798278
Digital scale,"Used to measure 
ingredients of propellant",1,$2.96,$2.96,https://www.tokopedia.com/jaya-indah-2/timbangan-emas-500gr-0-01gr-perhiasan-digital-pocket-gold-scales
Wood glue,Used to make the liner,1,$2.07,$2.07,https://www.tokopedia.com/aqualuxeid/aqualuxe-woodglue-lem-kayu-pvac-1kg-putih-super-kuat-cepat-kering-untuk-plamir-tembok-kertas-waterproof-dan-invisible-1729714230650176540
PET-CF Filament,"Used to make KNSB molds
and for any high heat 
resistant parts",1,$24.75,$24.75,https://www.tokopedia.com/indocart/3d-printer-filament-polymaker-fiberon-pet-cf17-carbon-fiber-reinforced-pet-filament-1-75mm-500gr-1731307743431722527?t_id=1773976031010&t_st=5&t_pp=cart&t_efo=cart&t_ef=&t_sm=&t_spt=cart
200 gsm kraft paper,Used as a grain inhibitor,1,$0.53,$0.53,https://www.tokopedia.com/kraftboss/kertas-kraft-liner-samson-brown-kraft-coklat-uk-a4-paket-isi-50-termurah-paper-1730794130547704845
Silicone grease,Used to seal the o-ring,1,$0.49,$0.49,https://www.tokopedia.com/efst/silicone-grease-o-ring-lube-gemuk-sil-rubber-karet-seal-gear-high-temp-1729705061221959855?extParam=ivf%3Dfalse%26keyword%3Dsilicone+grease%26search_id%3D202603200315138D3BBA7425E7C909B0GZ%26src%3Dsearch&t_id=1773975627319&t_st=5&t_pp=search_result&t_efo=search_pure_goods_card&t_ef=goods_search&t_sm=&t_spt=search_result
,,,Total Cost:,$220.27,
,,,,,
,,,,,
CO2 Recovery System,,,,,
Item,Description,Quantity,Unit Price,Total Price,Links
CO2 Cartridges,"Used as the rapid
expanding gas",2,$3.85,$7.70,https://www.tokopedia.com/tulungagung-outdoors-2/gas-co2-airsoft-murah-tulungagung-luar-jawa-wajib-pakai-pos-jangan-j-t-1731589478173344929
ESP32-C3 Super Mini,"The microcontroller used 
to activate a servo
at a specific altitude",1,$2.96,$2.96,https://www.tokopedia.com/ichibot/esp32-c3-supermini-development-board-dengan-wifi-dan-bluetooth-built-in-4m-flash-memory-esp32-belum-tersolder
GY-BMP-280,"A barometer module
use as an altimeter for the
ESP32",1,$0.66,$0.66,https://www.tokopedia.com/solarperfect/gy-bmp280-3-3-high-precision-atmospheric-pressure-sensor-module-gy-280
24 AWG Silicone Wire,"Used as the connectors 
between the 5V BEC and
ESP32 and MG996R 
servo",1,$0.12,$0.12,https://www.tokopedia.com/dielectronics/24-awg-high-quality-silicone-wire-cable-kabel-silikon-serabut-putih-biru
28 AWG Wire,"Used as the connector 
between the ESP32 and
GY-BMP-280",1,$0.12,$0.12,https://www.tokopedia.com/cncstorebandung/kabel-serabut-awg-28-awg28-high-quality-hitam
5V 3A BEC Converter,"A converter
between the 7.4v 2S
LiPo battery and 
components",1,$1.90,$1.90,https://www.tokopedia.com/alladinshop/bluesky-3a-5v-ubec-bec-vdc-dc-converter-step-down-module-mini-fpv
350 MaH 2S LiPo Battery,"Used as the main power
source for on board
avionics",1,$4.24,$4.24,https://www.tokopedia.com/justshopit/cnhl-lihv-ministar-hv-350mah-7-6v-2s-70c-lipo-battery-xt30
Battery charger,"Used to charge the 
battery",1,$2.15,$2.15,https://www.tokopedia.com/nayfastore/adaptor-charger-casan-mainan-anak-konektor-jst-xh-3-pin?extParam=ivf%3Dfalse%26keyword%3Dcharger+2s+lipo+%26search_id%3D20260314074611950A4152C2B4AA165OBI%26src%3Dsearch&t_id=1773472965470&t_st=4&t_pp=search_result&t_efo=search_pure_goods_card&t_ef=goods_search&t_sm=&t_spt=search_result
XT30 Plug connector,"Allows the battery to plug
into the BEC converter",1,$0.53,$0.53,https://www.tokopedia.com/justshopit/amass-xt30-xt30u-plug-connector-female-male-lipo-battery-for-rc-fpv-drone-1729895395040659171
Heat shrink wire covers set,"Allow for cleaner and 
sturdier connections",1,$0.65,$0.65,https://www.tokopedia.com/skf88/heat-shrink-kabel-164-530pcs-isolasi-bakar-tube-selang-bakar-bahan-polyolefin-warna-warni-1732990049052886837
Wire stripper,Will be used to strip wires,1,$1.35,$1.35,https://www.tokopedia.com/neso-store/neso-german-tools-tang-kupas-potong-kabel-cod-6-7-9-inch-pemotong-wire-stripper-4in1-cutter-pliers-gunting-kupas-kabel-listrik-serbaguna-1731592431659091872
,,,Total Cost:,$22.38,
,,,,,
,,,,,
Rocket Body Construction,,,,,
Item,Description,Quantity,Unit Price,Total Price,Links
Sandpaper set,"Will be used to smooth out
the rocket body to ensure 
a streamlined shape",1,$1.12,$1.12,https://www.tokopedia.com/sinotoko/12-36pcs-amplas-basah-kering-grit-400-3000-sandpaper-tahan-air-duco-cocok-untuk-kayu-logam-otomotif-knalpot-bodi-motor-tembok-diy-finishing-1732386575107261856
Parachute,"Will be used as the 
recovery system",1,$1.72,$1.72,https://www.tokopedia.com/penny-y/2pcs-mainan-parasut-anak-mainan-anak-terjun-payung-terjun-payung-mainan-payung-terjun-merah-2pcs-6cad4
4mm Paracord,"Used as a shock cord 
connecting the nose to the
rocket body during recovery",1,$1.39,$1.39,https://www.tokopedia.com/makadam/tali-paracord-4mm-7-core-1-rol-panjang-31-50-100-meter-tali-tenda-camping-1733087381762376899
3mm Plywood,"Used to space the motor 
tube ",1,$1.48,$1.48,https://www.tokopedia.com/pawonkitchenset/multiplek-60x40-triplek-60x40-triplek-potongan-60x40-3mm-40cm-x-80cm-08061?extParam=ivf%3Dfalse%26keyword%3Dplywood%26search_id%3D2026031310245906EB61B839A0CE1DA8YK%26src%3Dsearch&t_id=1773397505917&t_st=1&t_pp=search_result&t_efo=search_pure_goods_card&t_ef=goods_search&t_sm=&t_spt=search_result
,,,Total Cost:,$4.23,
,,,,,
,,,,,
Launchpad and Igniter,,,,,
Item,Description,Quantity,Unit Price,Total Price,Links
15 cm Stainless steel disk,"Used for redicrecting the hot 
exhaust gas during launch",$1.00,$1.48,$1.48,https://www.tokopedia.com/ajm175/plat-bulat-stainless-1-2-mm-uk-5-20-cm-1731311695462827268
153cm Stainless steel rod,"Used as the launch rod to
guide the rocket during 
takeoff",$1.00,$7.69,$7.69,https://www.tokopedia.com/rajawali3d/smooth-rod-stainless-steel-304-10mm-per-cm-linear-shaft-rail
ESP32 DevKit v1,Used for wireless ignition,$1.00,$5.08,$5.08,https://www.tokopedia.com/cncstorebandung/esp32-esp-32s-doit-cp2102-type-c-38-pin-board-wifi-bluetooth-iot-dual-core-proyek-elektronik-1731127910335219262
1 Channel 5v relay,"Used to initiate the 9v 
battery to heat nichrome",$1.00,$0.98,$0.98,https://www.tokopedia.com/cncstorebandung/relay-1-channel-relay-5v-with-optocoupler-high-quality-1733708580343678526
Nichrome wire,"Used as the heating element
to ignite rocket motor",$2.00,$0.18,$0.36,https://www.tokopedia.com/pcmelektronikpusat/kawat-nikelin-nikel-pemanas-0-2mm-meteran-nichrome-wire-0-2mm-mm-bulat
,,,Total Cost:,$15.59,
,,,,,
,,,,,
Total Overall Cost:,$272.00,,Avg. Shipping Cost:,$9.53,
,,,,,
"Note: All these costs are 
converted from Indonesian IDR
to USD as of March 15, 2026",,,,,
"Note: Shipping here in Indonesia is
mostly free and uniform which is why
I added the average delivery cost
except for the CNC",,,,,